{
  "steps": [
    500,
    1000,
    1500,
    2000,
    2500,
    3000,
    3500,
    4000,
    4500,
    5000,
    5500,
    6000,
    6500,
    7000,
    7500,
    8000,
    8500,
    9000,
    9500,
    10000,
    10500,
    11000,
    11500,
    12000,
    12500,
    13000,
    13500,
    14000,
    14500,
    15000,
    15500,
    16000,
    16500,
    17000,
    17500,
    18000,
    18500,
    19000,
    19500,
    20000,
    20500,
    21000,
    21500,
    22000,
    22500,
    23000,
    23500,
    24000,
    24500,
    25000,
    25500,
    26000,
    26500,
    27000,
    27500,
    28000,
    28500,
    29000,
    29500,
    30000,
    30500,
    31000,
    31500,
    32000,
    32500,
    33000,
    33500,
    34000,
    34500,
    35000,
    35500,
    36000,
    36500,
    37000,
    37500,
    38000,
    38500,
    39000,
    39500,
    40000,
    40500,
    41000,
    41500,
    42000,
    42500,
    43000,
    43500,
    44000,
    44500,
    45000,
    45500,
    46000,
    46500,
    47000,
    47500,
    48000,
    48500,
    49000,
    49500,
    50000
  ],
  "mean_B_thresh": [
    0.24963590502738953,
    0.24975913763046265,
    0.24961256980895996,
    0.24974152445793152,
    0.24962341785430908,
    0.24946191906929016,
    0.2493593990802765,
    0.24943244457244873,
    0.24905720353126526,
    0.2490285187959671,
    0.24921488761901855,
    0.24939598143100739,
    0.24955056607723236,
    0.24960029125213623,
    0.2493782788515091,
    0.24921806156635284,
    0.24928081035614014,
    0.24923434853553772,
    0.24925589561462402,
    0.24930225312709808,
    0.24945974349975586,
    0.24989190697669983,
    0.2501526474952698,
    0.2502124309539795,
    0.2503114342689514,
    0.2504378855228424,
    0.25041642785072327,
    0.2505100965499878,
    0.25038373470306396,
    0.2502678632736206,
    0.25076359510421753,
    0.2507161498069763,
    0.25058627128601074,
    0.25047892332077026,
    0.25060510635375977,
    0.25071436166763306,
    0.2508968710899353,
    0.2512093782424927,
    0.250939279794693,
    0.25091251730918884,
    0.25069576501846313,
    0.2507557272911072,
    0.25064313411712646,
    0.25080710649490356,
    0.25100061297416687,
    0.2507671117782593,
    0.2506585419178009,
    0.2507530450820923,
    0.2509712278842926,
    0.2510489821434021,
    0.2514146864414215,
    0.25145024061203003,
    0.251315712928772,
    0.25154411792755127,
    0.25158509612083435,
    0.25183767080307007,
    0.25184571743011475,
    0.2520604729652405,
    0.2522839307785034,
    0.2526082396507263,
    0.25296515226364136,
    0.25331637263298035,
    0.2536526024341583,
    0.2534628212451935,
    0.2535969018936157,
    0.2537502944469452,
    0.25395485758781433,
    0.2542661428451538,
    0.2545390725135803,
    0.25453856587409973,
    0.25476008653640747,
    0.25496986508369446,
    0.2552238702774048,
    0.2552814781665802,
    0.2553541660308838,
    0.2559043765068054,
    0.2558777332305908,
    0.25591403245925903,
    0.256020188331604,
    0.2559688985347748,
    0.2561018168926239,
    0.2563636898994446,
    0.25614482164382935,
    0.2563297748565674,
    0.25639569759368896,
    0.25651904940605164,
    0.25655341148376465,
    0.25656014680862427,
    0.25620922446250916,
    0.25628411769866943,
    0.25646525621414185,
    0.25650423765182495,
    0.2567223012447357,
    0.2571309208869934,
    0.2572733759880066,
    0.2574426531791687,
    0.25758984684944153,
    0.2579382658004761,
    0.2581462264060974,
    0.2582333981990814
  ],
  "mean_B_thresh_bonded": [
    0.2485525757074356,
    0.24792179465293884,
    0.2466164380311966,
    0.24546204507350922,
    0.24308957159519196,
    0.24261228740215302,
    0.24032936990261078,
    0.24081966280937195,
    0.24025972187519073,
    0.23950767517089844,
    0.2383151650428772,
    0.23829348385334015,
    0.2342108190059662,
    0.2339128702878952,
    0.2371165156364441,
    0.23294085264205933,
    0.22977370023727417,
    0.23008812963962555,
    0.23159296810626984,
    0.23023664951324463,
    0.22964832186698914,
    0.23050980269908905,
    0.22606568038463593,
    0.22890757024288177,
    0.22821010649204254,
    0.23208500444889069,
    0.22476708889007568,
    0.23079711198806763,
    0.22732459008693695,
    0.22378221154212952,
    0.22770509123802185,
    0.22615449130535126,
    0.22401851415634155,
    0.22142677009105682,
    0.22619152069091797,
    0.21907249093055725,
    0.22368602454662323,
    0.2235380858182907,
    0.22022494673728943,
    0.2200130969285965,
    0.22242854535579681,
    0.2189793586730957,
    0.21641357243061066,
    0.2176210731267929,
    0.21786601841449738,
    0.21951919794082642,
    0.21289624273777008,
    0.21443216502666473,
    0.2126537710428238,
    0.2178574502468109,
    0.20947742462158203,
    0.2147262841463089,
    0.21447904407978058,
    0.21070130169391632,
    0.21050915122032166,
    0.208800807595253,
    0.2112230509519577,
    0.21400925517082214,
    0.2097409963607788,
    0.2109653502702713,
    0.20820020139217377,
    0.21867375075817108,
    0.2089546024799347,
    0.21002504229545593,
    0.21155782043933868,
    0.2095320075750351,
    0.20847061276435852,
    0.21007905900478363,
    0.20788057148456573,
    0.207125723361969,
    0.20992933213710785,
    0.2115517109632492,
    0.2073497474193573,
    0.2100437432527542,
    0.2080354243516922,
    0.2128974050283432,
    0.20738038420677185,
    0.20673216879367828,
    0.21054990589618683,
    0.20571938157081604,
    0.20692993700504303,
    0.20592759549617767,
    0.1997748166322708,
    0.20600415766239166,
    0.20218133926391602,
    0.20385697484016418,
    0.20811598002910614,
    0.20981301367282867,
    0.20492063462734222,
    0.20286227762699127,
    0.20080138742923737,
    0.2058628350496292,
    0.2033936232328415,
    0.20319890975952148,
    0.20151455700397491,
    0.20320914685726166,
    0.20125311613082886,
    0.20211410522460938,
    0.20171353220939636,
    0.20187382400035858
  ],