{
  "test_cases": {
    "high": {
      "initial_k1": 0.12,
      "final_k1": 0.1199982538819313,
      "change": -1.7461180686906275e-06
    },
    "low": {
      "initial_k1": 0.02,
      "final_k1": 0.02636559121310711,
      "change": 0.006365591213107109
    }
  },
  "convergence": {
    "gap": 0.0936326626688242,
    "midpoint": 0.07318192254751921,
    "high_moved_down": false,
    "low_moved_up": true,
    "converged": false
  },
  "result": "UNEXPECTED",
  "evolution_data": {
    "high": {
      "steps": [
        1000,
        2000,
        3000,
        4000,
        5000,
        6000,
        7000,
        8000,
        9000,
        10000,
        11000,
        12000,
        13000,
        14000,
        15000,
        16000,
        17000,
        18000,
        19000,
        20000
      ],
      "mean_k1_bonded": [
        0.1195957213640213,
        0.11982377618551254,
        0.11963061988353729,
        0.11910397559404373,
        0.12022209912538528,
        0.11965923756361008,
        0.1202254369854927,
        0.1199445128440857,
        0.11915750801563263,
        0.12010915577411652,
        0.12065403908491135,
        0.12050759047269821,
        0.1200435608625412,
        0.1193733960390091,
        0.11946878582239151,
        0.1203906238079071,
        0.11938383430242538,
        0.11957178264856339,
        0.11919999122619629,
        0.1199982538819313
      ],
      "mean_B_thresh_bonded": [
        0.24827729165554047,
        0.24708588421344757,
        0.24418504536151886,
        0.24562948942184448,
        0.2399395853281021,
        0.23786985874176025,
        0.2398558408021927,
        0.2379189431667328,
        0.23246565461158752,
        0.23331613838672638,
        0.22802574932575226,
        0.2272290289402008,
        0.22727125883102417,
        0.22521236538887024,
        0.22025714814662933,
        0.22110864520072937,
        0.22618131339550018,
        0.21990381181240082,
        0.22111856937408447,
        0.21859429776668549
      ]
    },
    "low": {
      "steps": [
        1000,
        2000,
        3000,
        4000,
        5000,
        6000,
        7000,
        8000,
        9000,
        10000,
        11000,
        12000,
        13000,
        14000,
        15000,
        16000,
        17000,
        18000,
        19000,
        20000
      ],
      "mean_k1_bonded": [
        0.0196625255048275,
        0.02000860869884491,
        0.02009764313697815,
        0.01987452805042267,
        0.021230611950159073,
        0.021031813696026802,
        0.021995846182107925,
        0.02210361883044243,
        0.021878613159060478,
        0.022798383608460426,
        0.023271815851330757,
        0.023985344916582108,
        0.0241578109562397,
        0.023854881525039673,
        0.024291060864925385,
        0.02487959899008274,
        0.024538395926356316,
        0.025510737672448158,
        0.0257421862334013,
        0.02636559121310711
      ],
      "mean_B_thresh_bonded": [
        0.24833303689956665,
        0.24701182544231415,
        0.2445361614227295,
        0.24547003209590912,
        0.23967769742012024,
        0.23779132962226868,
        0.23948800563812256,
        0.23791657388210297,
        0.2322952002286911,
        0.23311683535575867,
        0.22803206741809845,
        0.227227583527565,
        0.2272280901670456,
        0.22502510249614716,
        0.21942861378192902,
        0.22046341001987457,
        0.2254256159067154,
        0.21898438036441803,
        0.22093454003334045,
        0.21820878982543945
      ]
    }
  }
}