{
  "config": {
    "mutation_rate": 0.002,
    "B_thresh_mutation_strength": 0.02,
    "k1_mutation_strength": 0.005,
    "B_thresh_bounds": [
      0.1,
      0.5
    ],
    "k1_bounds": [
      0.01,
      0.15
    ],
    "initial_B_thresh": 0.25,
    "initial_k1": 0.05,
    "num_steps": 20000
  },
  "evolution_history": {
    "steps": [
      1000,
      2000,
      3000,
      4000,
      5000,
      6000,
      7000,
      8000,
      9000,
      10000,
      11000,
      12000,
      13000,
      14000,
      15000,
      16000,
      17000,
      18000,
      19000,
      20000
    ],
    "mean_B_thresh": [
      0.25021716952323914,
      0.24998275935649872,
      0.24983826279640198,
      0.2497502863407135,
      0.24987372756004333,
      0.24931374192237854,
      0.24982008337974548,
      0.24994796514511108,
      0.24988619983196259,
      0.24992972612380981,
      0.2500045895576477,
      0.25005555152893066,
      0.2500723600387573,
      0.24995216727256775,
      0.2503930628299713,
      0.25065237283706665,
      0.2508895993232727,
      0.2506367564201355,
      0.2509254217147827,
      0.2513270378112793
    ],
    "mean_k1": [
      0.04983734339475632,
      0.04983409494161606,
      0.04978722706437111,
      0.049925144761800766,
      0.049931518733501434,
      0.049944933503866196,
      0.04994223266839981,
      0.049986787140369415,
      0.050015639513731,
      0.04989404231309891,
      0.04983070492744446,
      0.049849700182676315,
      0.04985899105668068,
      0.049800727516412735,
      0.049825455993413925,
      0.049735672771930695,
      0.049835022538900375,
      0.04986609145998955,
      0.04990513622760773,
      0.04997018352150917
    ],
    "mean_B_thresh_bonded": [
      0.2484762817621231,
      0.24711154401302338,
      0.24441729485988617,
      0.2456565648317337,
      0.2399395853281021,
      0.23803487420082092,
      0.23946484923362732,
      0.23803997039794922,
      0.2325613796710968,
      0.23366151750087738,
      0.22814615070819855,
      0.22738875448703766,
      0.22714915871620178,
      0.225291445851326,
      0.2195398509502411,
      0.2203817218542099,
      0.2262669801712036,
      0.21986213326454163,
      0.22103354334831238,
      0.218697652220726
    ],
    "mean_k1_bonded": [
      0.04964698106050491,
      0.04981321096420288,
      0.04959319904446602,
      0.04911188781261444,
      0.05024510249495506,
      0.0496114045381546,
      0.050342313945293427,
      0.05002594739198685,
      0.049272116273641586,
      0.05024924501776695,
      0.05086441710591316,
      0.05072226747870445,
      0.05043821781873703,
      0.04968195781111717,
      0.04996785894036293,
      0.05074170231819153,
      0.049822818487882614,
      0.0503639355301857,
      0.05001627653837204,
      0.05071640759706497
    ],
    "std_B_thresh": [
      0.016282133758068085,
      0.022939462214708328,
      0.02793888933956623,
      0.03224150463938713,
      0.036373499780893326,
      0.04018104448914528,
      0.04334172233939171,
      0.04654378071427345,
      0.04957332834601402,
      0.05186857283115387,
      0.05456257238984108,
      0.057167407125234604,
      0.059051264077425,
      0.06125318631529808,
      0.06310949474573135,
      0.06438662111759186,
      0.06608212739229202,
      0.06745880097150803,
      0.06932598352432251,
      0.07084280997514725
    ],
    "std_k1": [
      0.0040731667540967464,
      0.0057618748396635056,
      0.007127693854272366,
      0.008210948668420315,
      0.009077241644263268,
      0.009992510080337524,
      0.01077261008322239,
      0.011478214524686337,
      0.012136937119066715,
      0.012862015515565872,
      0.01340117584913969,
      0.013897798024117947,
      0.014559299685060978,
      0.014959671534597874,
      0.015563495457172394,
      0.016073573380708694,
      0.016511859372258186,
      0.016941307112574577,
      0.01745005138218403,
      0.017948748543858528
    ],
    "min_B_thresh": [
      0.17939192056655884,
      0.1594163030385971,
      0.1486332267522812,
      0.12993338704109192,
      0.11899316310882568,
      0.10000000149011612,
      0.10000000149011612,
      0.10000000149011612,
      0.10000000149011612,
      0.10000000149011612,
      0.10000000149011612,
      0.10000000149011612,
      0.10000000149011612,
      0.10000000149011612,
      0.10000000149011612,
      0.10000000149011612,
      0.10000000149011612,
      0.10000000149011612,
      0.10000000149011612,
      0.10000000149011612
    ],
    "max_B_thresh": [
      0.3232395648956299,
      0.33809974789619446,
      0.36092445254325867,
      0.36723166704177856,
      0.3811933696269989,
      0.39631187915802,
      0.42174863815307617,
      0.44977402687072754,
      0.4549708664417267,
      0.4632435441017151,
      0.46362388134002686,
      0.5,
      0.5,
      0.4940355122089386,
      0.5,
      0.5,
      0.4842885434627533,
      0.5,
      0.5,
      0.5
    ],
    "min_k1": [
      0.03370252624154091,
      0.0246172696352005,
      0.021175241097807884,
      0.017616935074329376,
      0.016718510538339615,
      0.012381348758935928,
      0.009999999776482582,
      0.009999999776482582,
      0.009999999776482582,
      0.009999999776482582,
      0.009999999776482582,
      0.009999999776482582,
      0.009999999776482582,
      0.009999999776482582,
      0.009999999776482582,
      0.009999999776482582,
      0.009999999776482582,
      0.009999999776482582,
      0.009999999776482582,
      0.009999999776482582
    ],
    "max_k1": [
      0.06951442360877991,
      0.07282071560621262,
      0.07725751399993896,
      0.08467177301645279,
      0.08099768310785294,
      0.08697190880775452,
      0.09269576519727707,
      0.10031057149171829,
      0.10524310171604156,
      0.11145797371864319,
      0.11145797371864319,
      0.11145797371864319,
      0.10900429636240005,
      0.10525812953710556,
      0.10619156062602997,
      0.10703303664922714,
      0.10511954873800278,
      0.10944550484418869,
      0.11826257407665253,
      0.11998455971479416
    ],
    "total_bonds": [
      497,
      357,
      352,
      336,
      351,
      322,
      304,
      346,
      355,
      367,
      375,
      373,
      373,
      386,
      425,
      399,
      356,
      413,
      390,
      365
    ]
  },
  "final": {
    "B_thresh": {
      "initial": 0.2484762817621231,
      "final": 0.218697652220726,
      "change": -0.029778629541397095
    },
    "k1": {
      "initial": 0.04964698106050491,
      "final": 0.05071640759706497,
      "change": 0.0010694265365600586,
      "position_in_range": 0.2908314828361784,
      "result": "INTERMEDIATE"
    }
  }
}