{
  "test_cases": {
    "abundant": {
      "injection_rate": 0.015,
      "initial_k1": 0.1,
      "final_k1": 0.1005471721291542,
      "k1_change": 0.0005471721291541998,
      "final_bonds": 372
    },
    "scarce": {
      "injection_rate": 0.005,
      "initial_k1": 0.1,
      "final_k1": 0.10050134360790253,
      "k1_change": 0.0005013436079025213,
      "final_bonds": 360
    }
  },
  "differential": -4.582852125167847e-05,
  "result": "NO_TRADEOFF",
  "evolution_data": {
    "abundant": {
      "steps": [
        1000,
        2000,
        3000,
        4000,
        5000,
        6000,
        7000,
        8000,
        9000,
        10000,
        11000,
        12000,
        13000,
        14000,
        15000,
        16000,
        17000,
        18000,
        19000,
        20000
      ],
      "mean_k1_bonded": [
        0.09960203617811203,
        0.09982935339212418,
        0.09963061660528183,
        0.09918927401304245,
        0.1002819836139679,
        0.09965427219867706,
        0.10019001364707947,
        0.10005885362625122,
        0.09930060058832169,
        0.10020661354064941,
        0.10083819925785065,
        0.10067325830459595,
        0.10035928338766098,
        0.0995703712105751,
        0.09961700439453125,
        0.10072476416826248,
        0.09961412847042084,
        0.10023011267185211,
        0.09981966018676758,
        0.1005471721291542
      ],
      "mean_B_thresh_bonded": [
        0.24830543994903564,
        0.2471100240945816,
        0.24418504536151886,
        0.24564459919929504,
        0.24000521004199982,
        0.23776328563690186,
        0.2395516186952591,
        0.23802030086517334,
        0.23230469226837158,
        0.2338104397058487,
        0.22799347341060638,
        0.22759436070919037,
        0.227294459939003,
        0.22517526149749756,
        0.2206546813249588,
        0.22076772153377533,
        0.2263859659433365,
        0.21957875788211823,
        0.22097191214561462,
        0.2186211347579956
      ],
      "total_bonds": [
        482,
        353,
        356,
        339,
        349,
        324,
        313,
        352,
        361,
        375,
        386,
        379,
        382,
        393,
        435,
        411,
        365,
        416,
        391,
        372
      ]
    },
    "scarce": {
      "steps": [
        1000,
        2000,
        3000,
        4000,
        5000,
        6000,
        7000,
        8000,
        9000,
        10000,
        11000,
        12000,
        13000,
        14000,
        15000,
        16000,
        17000,
        18000,
        19000,
        20000
      ],
      "mean_k1_bonded": [
        0.09958695620298386,
        0.09981509298086166,
        0.0996532142162323,
        0.09910620748996735,
        0.10023527592420578,
        0.09963169693946838,
        0.10038554668426514,
        0.10005885362625122,
        0.09932879358530045,
        0.10019706189632416,
        0.10089797526597977,
        0.10074111074209213,
        0.1004459336400032,
        0.09939359873533249,
        0.09977150708436966,
        0.10075022280216217,
        0.09965936839580536,
        0.10022369772195816,
        0.09981966018676758,
        0.10050134360790253
      ],
      "mean_B_thresh_bonded": [
        0.24838478863239288,
        0.24712803959846497,
        0.24446476995944977,
        0.245393306016922,
        0.23984533548355103,
        0.23776967823505402,
        0.23994870483875275,
        0.23802030086517334,
        0.2325374186038971,
        0.23346514999866486,
        0.22828586399555206,
        0.22709032893180847,
        0.22748948633670807,
        0.22519025206565857,
        0.21983152627944946,
        0.22079186141490936,
        0.2257232815027237,
        0.2195822298526764,
        0.22097191214561462,
        0.21800673007965088
      ],
      "total_bonds": [
        475,
        357,
        354,
        330,
        345,
        321,
        316,
        351,
        356,
        365,
        378,
        364,
        367,
        384,
        428,
        398,
        365,
        411,
        389,
        360
      ]
    }
  }
}